[
  {
    "value": "Ja",
    "synonyms": [
      "Ja"
    ]
  },
  {
    "value": "bestätigen",
    "synonyms": [
      "bestätigen"
    ]
  },
  {
    "value": "klingt gut",
    "synonyms": [
      "klingt gut"
    ]
  },
  {
    "value": "das ist richtig",
    "synonyms": [
      "das ist richtig"
    ]
  },
  {
    "value": "klar",
    "synonyms": [
      "klar"
    ]
  },
  {
    "value": "einverstanden",
    "synonyms": [
      "einverstanden"
    ]
  },
  {
    "value": "genau",
    "synonyms": [
      "genau"
    ]
  },
  {
    "value": "mach das",
    "synonyms": [
      "mach das"
    ]
  },
  {
    "value": "ist mir egal",
    "synonyms": [
      "ist mir egal"
    ]
  },
  {
    "value": "natürlich",
    "synonyms": [
      "natürlich"
    ]
  },
  {
    "value": "Ja. Jetzt kaufen.",
    "synonyms": [
      "Ja. Jetzt kaufen"
    ]
  }
]