[
  {
    "id": "2b6a1e13-0e5b-4b5b-b447-50d73c4415ba",
    "data": [
      {
        "text": "kein Interesse",
        "userDefined": false
      }
    ],
    "isTemplate": false,
    "count": 1,
    "updated": 1528375189
  },
  {
    "id": "6d9c377d-3785-4a93-bdb3-6c08266d9f4f",
    "data": [
      {
        "text": "das möchte ich nicht",
        "userDefined": false
      }
    ],
    "isTemplate": false,
    "count": 1,
    "updated": 1528375189
  },
  {
    "id": "228ba799-49d3-4414-bcf5-28c4245d7878",
    "data": [
      {
        "text": "mach das nicht",
        "userDefined": false
      }
    ],
    "isTemplate": false,
    "count": 0,
    "updated": 1528375189
  },
  {
    "id": "4246b0fe-8e8b-4ce4-b4d2-ba182a6a2a55",
    "data": [
      {
        "text": "nein danke",
        "userDefined": false
      }
    ],
    "isTemplate": false,
    "count": 1,
    "updated": 1528375189
  },
  {
    "id": "70030085-30c1-48de-a12a-422e0c2e14b3",
    "data": [
      {
        "text": "nein",
        "userDefined": false
      }
    ],
    "isTemplate": false,
    "count": 4,
    "updated": 1528375189
  },
  {
    "id": "85425118-736c-44a3-8823-265e307d9d44",
    "data": [
      {
        "text": "ich denke nicht",
        "userDefined": false
      }
    ],
    "isTemplate": false,
    "count": 0,
    "updated": 1528375189
  },
  {
    "id": "09f78bed-fd9c-4c08-aead-dd1ce5af3372",
    "data": [
      {
        "text": "eigentlich nicht",
        "userDefined": false
      }
    ],
    "isTemplate": false,
    "count": 0,
    "updated": 1528375189
  },
  {
    "id": "cf755a3d-dba8-4f0a-a69c-4e71dfa67470",
    "data": [
      {
        "text": "ich bin nicht einverstanden",
        "userDefined": false
      }
    ],
    "isTemplate": false,
    "count": 1,
    "updated": 1528375189
  },
  {
    "id": "80abca5b-4ae7-470a-83f9-7275ea1cc133",
    "data": [
      {
        "text": "auf keinen Fall",
        "userDefined": false
      }
    ],
    "isTemplate": false,
    "count": 1,
    "updated": 1528375189
  }
]