[
  {
    "id": "caffd6ad-512f-4ffc-9d66-bf8cd1260ec6",
    "data": [
      {
        "text": "Ja. Jetzt kaufen.",
        "meta": "@sys.ignore",
        "userDefined": true
      }
    ],
    "isTemplate": false,
    "count": 0,
    "updated": 1528375241
  },
  {
    "id": "06fb380d-304e-47fb-9d5a-a69bfde2083b",
    "data": [
      {
        "text": "mach das",
        "meta": "@sys.ignore",
        "userDefined": true
      }
    ],
    "isTemplate": false,
    "count": 0,
    "updated": 1528375241
  },
  {
    "id": "30ec411b-fcb5-4448-ac3e-fee1c01e2dbc",
    "data": [
      {
        "text": "ja",
        "meta": "@sys.ignore",
        "userDefined": true
      }
    ],
    "isTemplate": false,
    "count": 2,
    "updated": 1528375241
  },
  {
    "id": "df06948c-ba24-4a5c-89ce-9ed03fdcda7d",
    "data": [
      {
        "text": "natürlich",
        "meta": "@sys.ignore",
        "userDefined": true
      }
    ],
    "isTemplate": false,
    "count": 1,
    "updated": 1528375241
  },
  {
    "id": "4a8d9a99-4246-4c57-a2c9-5e45e371233c",
    "data": [
      {
        "text": "bestätigen",
        "meta": "@sys.ignore",
        "userDefined": true
      }
    ],
    "isTemplate": false,
    "count": 0,
    "updated": 1528375241
  },
  {
    "id": "e8c2bf83-ced1-4ee2-b308-772b02b094a7",
    "data": [
      {
        "text": "klingt gut",
        "meta": "@sys.ignore",
        "userDefined": true
      }
    ],
    "isTemplate": false,
    "count": 0,
    "updated": 1528375241
  },
  {
    "id": "2402977a-4a53-4ef4-a67d-9a9ef3e07a4c",
    "data": [
      {
        "text": "ist mir egal",
        "meta": "@sys.ignore",
        "userDefined": true
      }
    ],
    "isTemplate": false,
    "count": 1,
    "updated": 1528375241
  },
  {
    "id": "d5e1208d-dce8-441b-9024-a8ff33e52ce0",
    "data": [
      {
        "text": "genau",
        "meta": "@sys.ignore",
        "userDefined": true
      }
    ],
    "isTemplate": false,
    "count": 2,
    "updated": 1528375241
  },
  {
    "id": "03c8cd24-a33a-47a2-9234-3f62f4b266d9",
    "data": [
      {
        "text": "klar",
        "meta": "@sys.ignore",
        "userDefined": true
      }
    ],
    "isTemplate": false,
    "count": 1,
    "updated": 1528375241
  },
  {
    "id": "49936589-bedf-4e94-a259-a7105e1d948c",
    "data": [
      {
        "text": "das ist richtig",
        "meta": "@sys.ignore",
        "userDefined": true
      }
    ],
    "isTemplate": false,
    "count": 1,
    "updated": 1528375241
  },
  {
    "id": "4ed2478d-2336-4d31-8171-45c00a770917",
    "data": [
      {
        "text": "einverstanden",
        "meta": "@sys.ignore",
        "userDefined": true
      }
    ],
    "isTemplate": false,
    "count": 0,
    "updated": 1528375241
  }
]